주문ID,주문일자,고객ID,상품ID,카테고리,매출액,수량,지역,결제방법,고객등급
1001,2023-04-13,CUST002,PROD011,식품,384899,4,대구,현금,골드
1002,2023-12-15,CUST092,PROD004,도서,66985,7,대전,체크카드,VIP
1003,2023-09-28,CUST032,PROD015,가구,322213,9,강원,체크카드,일반
1004,2023-04-17,CUST091,PROD006,스포츠,324470,2,대전,체크카드,실버
1005,2023-03-13,CUST084,PROD049,화장품,118737,3,강원,현금,VIP
1006,2023-07-08,CUST024,PROD030,전자제품,222133,4,대구,체크카드,실버
1007,2023-01-21,CUST012,PROD038,스포츠,164470,1,경기,현금,VIP
1008,2023-04-13,CUST050,PROD002,화장품,239465,7,강원,체크카드,VIP
1009,2023-05-02,CUST035,PROD015,도서,60861,2,대구,계좌이체,골드
1010,2023-08-03,CUST033,PROD011,도서,348041,5,광주,계좌이체,실버
1011,2023-11-27,CUST033,PROD008,전자제품,222977,1,경기,현금,일반
1012,2023-03-29,CUST061,PROD026,의류,137118,3,대전,계좌이체,골드
1013,2023-04-10,CUST051,PROD045,전자제품,340721,2,울산,현금,골드
1014,2023-12-26,CUST043,PROD044,식품,206713,1,인천,계좌이체,일반
1015,2023-06-01,CUST012,PROD005,스포츠,19078,7,울산,계좌이체,골드
1016,2023-05-11,CUST067,PROD006,가구,428219,5,경기,현금,VIP
1017,2023-05-30,CUST065,PROD026,의류,334912,1,대전,휴대폰,VIP
1018,2023-11-05,CUST033,PROD004,전자제품,61047,6,강원,계좌이체,실버
1019,2023-09-15,CUST040,PROD019,화장품,343770,5,대전,체크카드,실버
1020,2023-12-10,CUST074,PROD020,의류,329804,3,강원,휴대폰,일반
1021,2023-10-21,CUST043,PROD033,스포츠,245458,7,대구,현금,실버
1022,2023-07-11,CUST044,PROD020,의류,453002,9,경기,휴대폰,VIP
1023,2023-10-04,CUST029,PROD049,스포츠,405141,9,대구,신용카드,일반
1024,2023-06-10,CUST013,PROD012,전자제품,225048,9,부산,신용카드,일반
1025,2023-11-10,CUST012,PROD047,스포츠,246293,2,강원,계좌이체,실버
1026,2023-01-22,CUST095,PROD001,의류,127832,3,광주,계좌이체,VIP
1027,2023-09-10,CUST046,PROD026,화장품,402550,7,대구,체크카드,일반
1028,2023-08-24,CUST002,PROD014,도서,135150,5,부산,휴대폰,VIP
1029,2023-12-11,CUST035,PROD038,의류,167087,2,서울,신용카드,VIP
1030,2023-02-18,CUST087,PROD037,스포츠,43320,3,울산,계좌이체,VIP
1031,2023-02-28,CUST081,PROD011,도서,337025,6,대전,휴대폰,실버
1032,2023-06-19,CUST090,PROD036,스포츠,100827,7,부산,계좌이체,골드
1033,2023-07-07,CUST008,PROD013,화장품,374359,9,경기,계좌이체,골드
1034,2023-09-28,CUST093,PROD043,스포츠,429505,1,대구,신용카드,일반
1035,2023-07-09,CUST026,PROD003,전자제품,269931,7,경기,신용카드,VIP
1036,2023-06-24,CUST074,PROD033,가구,406605,8,울산,계좌이체,실버
1037,2023-02-20,CUST090,PROD006,의류,428899,3,광주,현금,VIP
1038,2023-12-30,CUST034,PROD050,가구,416845,4,경기,계좌이체,VIP
1039,2023-02-24,CUST007,PROD010,스포츠,333694,6,강원,계좌이체,실버
1040,2023-09-01,CUST068,PROD005,화장품,34826,7,광주,체크카드,골드
1041,2023-11-16,CUST058,PROD023,의류,110734,4,광주,체크카드,VIP
1042,2023-05-11,CUST075,PROD010,스포츠,167702,8,부산,체크카드,VIP
1043,2023-11-03,CUST029,PROD044,도서,239834,5,광주,현금,골드
1044,2023-05-15,CUST036,PROD002,식품,187235,1,인천,현금,실버
1045,2023-01-21,CUST089,PROD013,스포츠,108511,4,울산,계좌이체,일반
1046,2023-11-25,CUST021,PROD040,가구,469651,3,광주,체크카드,골드
1047,2023-06-16,CUST036,PROD002,의류,283797,9,경기,현금,일반
1048,2023-10-01,CUST010,PROD020,가구,169033,8,서울,신용카드,일반
1049,2023-03-30,CUST073,PROD001,의류,91941,1,인천,계좌이체,골드
1050,2023-11-12,CUST024,PROD037,스포츠,215209,6,인천,휴대폰,VIP
1051,2023-01-14,CUST064,PROD009,전자제품,305806,9,강원,계좌이체,일반
1052,2023-08-30,CUST099,PROD017,도서,108818,7,광주,휴대폰,일반
1053,2023-09-22,CUST049,PROD009,스포츠,459662,4,강원,체크카드,실버
1054,2023-12-12,CUST099,PROD011,가구,162360,1,강원,휴대폰,VIP
1055,2023-02-22,CUST036,PROD015,식품,263627,2,서울,체크카드,일반
1056,2023-12-06,CUST082,PROD024,식품,105081,5,부산,신용카드,실버
1057,2023-04-02,CUST096,PROD038,화장품,46877,5,광주,휴대폰,VIP
1058,2023-09-21,CUST024,PROD035,의류,383706,8,대구,계좌이체,골드
1059,2023-02-04,CUST023,PROD030,가구,418529,6,강원,체크카드,골드
1060,2023-07-25,CUST062,PROD031,화장품,221957,8,울산,계좌이체,실버
1061,2023-03-22,CUST096,PROD049,가구,82715,2,대전,현금,골드
1062,2023-02-19,CUST037,PROD005,의류,151398,3,울산,체크카드,일반
1063,2023-12-26,CUST012,PROD044,스포츠,120091,6,서울,휴대폰,VIP
1064,2023-01-02,CUST055,PROD050,스포츠,142632,3,서울,체크카드,일반
1065,2023-02-23,CUST013,PROD014,식품,351292,6,경기,계좌이체,일반
1066,2023-04-16,CUST023,PROD011,스포츠,93186,6,부산,신용카드,골드
1067,2023-09-17,CUST089,PROD009,스포츠,429961,2,강원,체크카드,일반
1068,2023-11-06,CUST099,PROD034,전자제품,172962,7,울산,휴대폰,골드
1069,2023-07-10,CUST030,PROD012,식품,161094,2,대전,현금,VIP
1070,2023-08-06,CUST017,PROD035,화장품,395773,6,서울,신용카드,VIP
1071,2023-02-13,CUST062,PROD035,도서,455795,1,서울,현금,일반
1072,2023-06-11,CUST084,PROD001,전자제품,80316,3,부산,체크카드,실버
1073,2023-07-21,CUST089,PROD040,화장품,487063,2,대전,계좌이체,골드
1074,2023-09-27,CUST086,PROD022,의류,38380,7,대전,계좌이체,골드
1075,2023-12-17,CUST013,PROD029,전자제품,120198,4,부산,휴대폰,일반
1076,2023-10-31,CUST059,PROD008,화장품,274500,8,서울,계좌이체,골드
1077,2023-09-28,CUST019,PROD011,의류,80326,6,광주,신용카드,골드
1078,2023-08-03,CUST049,PROD041,식품,364591,4,광주,계좌이체,실버
1079,2023-09-09,CUST100,PROD037,도서,124994,5,부산,휴대폰,실버
1080,2023-07-09,CUST012,PROD014,의류,230971,9,대전,체크카드,일반
1081,2023-10-23,CUST061,PROD030,스포츠,292193,7,강원,체크카드,실버
1082,2023-08-01,CUST019,PROD035,가구,478933,9,부산,계좌이체,일반
1083,2023-07-27,CUST076,PROD021,의류,377505,7,부산,현금,VIP
1084,2023-08-25,CUST009,PROD037,의류,288226,1,인천,체크카드,일반
1085,2023-12-04,CUST071,PROD005,도서,272805,8,울산,계좌이체,VIP
1086,2023-02-22,CUST028,PROD019,가구,178484,4,대전,휴대폰,일반
1087,2023-10-07,CUST078,PROD014,스포츠,275064,3,경기,계좌이체,골드
1088,2023-08-05,CUST095,PROD026,화장품,494410,7,경기,체크카드,실버
1089,2023-09-09,CUST052,PROD004,화장품,255378,3,대전,휴대폰,VIP
1090,2023-07-07,CUST083,PROD025,의류,463531,8,인천,계좌이체,일반
1091,2023-02-10,CUST016,PROD045,가구,351705,6,인천,신용카드,실버
1092,2023-06-06,CUST069,PROD042,가구,281090,5,서울,휴대폰,일반
1093,2023-01-15,CUST099,PROD025,스포츠,235314,4,울산,신용카드,실버
1094,2023-10-28,CUST012,PROD018,도서,448716,8,광주,현금,실버
1095,2023-03-06,CUST025,PROD040,식품,245612,8,대구,휴대폰,일반
1096,2023-12-11,CUST052,PROD008,화장품,288453,1,대구,신용카드,VIP
1097,2023-11-23,CUST085,PROD039,도서,65230,9,대구,체크카드,VIP
1098,2023-01-09,CUST100,PROD040,전자제품,383966,5,대전,체크카드,골드
1099,2023-12-10,CUST053,PROD014,화장품,433243,4,경기,현금,실버
1100,2023-05-09,CUST023,PROD032,도서,475757,6,경기,휴대폰,골드
1101,2023-05-16,CUST016,PROD038,화장품,384484,6,광주,휴대폰,골드
1102,2023-03-04,CUST057,PROD033,식품,69321,2,대전,휴대폰,일반
1103,2023-05-19,CUST039,PROD023,전자제품,142028,8,대구,현금,일반
1104,2023-03-22,CUST053,PROD015,식품,241447,7,강원,휴대폰,일반
1105,2023-06-12,CUST042,PROD033,스포츠,346275,1,경기,체크카드,실버
1106,2023-10-16,CUST058,PROD025,전자제품,451124,5,서울,신용카드,일반
1107,2023-09-18,CUST039,PROD017,의류,481555,6,부산,체크카드,일반
1108,2023-08-19,CUST014,PROD033,도서,298107,4,강원,체크카드,실버
1109,2023-02-10,CUST095,PROD047,전자제품,111757,2,경기,신용카드,실버
1110,2023-01-28,CUST005,PROD002,스포츠,442659,4,인천,체크카드,VIP
1111,2023-05-15,CUST035,PROD014,스포츠,371403,1,경기,현금,일반
1112,2023-07-20,CUST087,PROD040,식품,311207,7,서울,신용카드,일반
1113,2023-11-24,CUST093,PROD040,화장품,386369,2,대구,체크카드,일반
1114,2023-09-25,CUST075,PROD039,전자제품,388544,2,인천,계좌이체,VIP
1115,2023-02-02,CUST018,PROD006,도서,352962,9,대전,체크카드,일반
1116,2023-02-17,CUST076,PROD006,전자제품,276847,5,울산,현금,VIP
1117,2023-03-03,CUST009,PROD003,가구,206200,2,대구,휴대폰,골드
1118,2023-08-04,CUST074,PROD007,화장품,82099,9,울산,체크카드,VIP
1119,2023-10-20,CUST058,PROD008,도서,429065,9,강원,휴대폰,골드
1120,2023-04-09,CUST017,PROD042,도서,172932,1,부산,계좌이체,일반
1121,2023-06-21,CUST007,PROD015,의류,41585,3,인천,체크카드,골드
1122,2023-12-26,CUST046,PROD047,식품,425231,4,광주,신용카드,VIP
1123,2023-08-02,CUST013,PROD029,의류,480755,7,인천,휴대폰,실버
1124,2023-02-04,CUST040,PROD033,도서,53585,4,경기,계좌이체,골드
1125,2023-08-15,CUST042,PROD030,화장품,299102,2,경기,신용카드,골드
1126,2023-04-11,CUST009,PROD039,전자제품,298161,7,경기,신용카드,일반
1127,2023-05-11,CUST050,PROD027,전자제품,479923,6,강원,신용카드,VIP
1128,2023-09-14,CUST027,PROD036,화장품,396821,3,대구,신용카드,골드
1129,2023-01-05,CUST066,PROD029,도서,448566,6,광주,체크카드,골드
1130,2023-08-06,CUST005,PROD038,스포츠,415417,6,광주,체크카드,골드
1131,2023-09-12,CUST029,PROD033,전자제품,301570,5,경기,체크카드,골드
1132,2023-12-25,CUST037,PROD037,스포츠,289922,4,울산,계좌이체,실버
1133,2023-10-10,CUST038,PROD027,전자제품,186313,1,강원,계좌이체,VIP
1134,2023-07-26,CUST083,PROD033,전자제품,52229,6,경기,계좌이체,일반
1135,2023-01-15,CUST008,PROD004,식품,96652,2,부산,현금,일반
1136,2023-12-12,CUST065,PROD022,식품,400411,3,대구,계좌이체,실버
1137,2023-02-11,CUST086,PROD002,가구,259474,8,대전,체크카드,VIP
1138,2023-06-28,CUST017,PROD010,의류,189436,6,부산,체크카드,골드
1139,2023-03-04,CUST071,PROD005,화장품,398647,3,울산,현금,실버
1140,2023-12-18,CUST089,PROD010,화장품,270116,7,인천,현금,VIP
1141,2023-08-19,CUST045,PROD033,화장품,357022,4,인천,계좌이체,골드
1142,2023-08-29,CUST004,PROD038,가구,329200,9,부산,휴대폰,실버
1143,2023-02-21,CUST036,PROD013,식품,430706,5,경기,현금,VIP
1144,2023-04-06,CUST070,PROD031,도서,29975,3,대전,신용카드,일반
1145,2023-08-10,CUST031,PROD047,스포츠,167795,2,서울,체크카드,일반
1146,2023-08-19,CUST019,PROD036,스포츠,426495,2,서울,신용카드,VIP
1147,2023-08-25,CUST061,PROD045,도서,219373,3,울산,체크카드,일반
1148,2023-05-23,CUST054,PROD024,가구,414777,2,경기,체크카드,VIP
1149,2023-06-20,CUST039,PROD015,도서,207133,4,광주,현금,골드
1150,2023-01-29,CUST091,PROD029,화장품,360541,2,광주,현금,VIP
1151,2023-02-05,CUST074,PROD008,의류,190225,9,대구,신용카드,골드
1152,2023-01-13,CUST090,PROD005,전자제품,305286,2,대전,체크카드,실버
1153,2023-06-09,CUST019,PROD029,스포츠,299060,9,대전,신용카드,VIP
1154,2023-11-23,CUST039,PROD047,식품,74324,6,인천,휴대폰,실버
1155,2023-07-06,CUST067,PROD004,식품,186037,1,강원,신용카드,일반
1156,2023-08-31,CUST045,PROD012,가구,398076,4,울산,계좌이체,골드
1157,2023-03-27,CUST013,PROD045,식품,145720,1,서울,신용카드,VIP
1158,2023-10-11,CUST092,PROD002,화장품,176205,6,울산,계좌이체,실버
1159,2023-03-07,CUST058,PROD027,스포츠,453893,4,광주,계좌이체,골드
1160,2023-06-19,CUST020,PROD031,도서,106059,3,광주,계좌이체,골드
1161,2023-02-14,CUST092,PROD036,화장품,497804,3,부산,휴대폰,일반
1162,2023-03-03,CUST072,PROD036,가구,108317,9,대구,신용카드,일반
1163,2023-05-14,CUST061,PROD026,화장품,211207,6,대전,신용카드,골드
1164,2023-10-11,CUST039,PROD043,도서,307190,9,울산,휴대폰,골드
1165,2023-01-28,CUST001,PROD027,의류,450280,5,광주,체크카드,VIP
1166,2023-04-18,CUST003,PROD005,가구,111459,2,강원,현금,골드
1167,2023-02-13,CUST077,PROD020,의류,247697,8,인천,신용카드,VIP
1168,2023-12-06,CUST092,PROD011,전자제품,210422,5,서울,현금,골드
1169,2023-10-13,CUST062,PROD010,의류,318037,2,대구,휴대폰,일반
1170,2023-11-27,CUST063,PROD040,전자제품,111520,4,강원,체크카드,VIP
1171,2023-05-08,CUST025,PROD038,전자제품,397962,9,대구,체크카드,실버
1172,2023-12-14,CUST056,PROD006,의류,71272,4,부산,체크카드,일반
1173,2023-08-19,CUST033,PROD008,가구,233224,4,광주,휴대폰,VIP
1174,2023-07-09,CUST038,PROD023,도서,339793,2,인천,계좌이체,VIP
1175,2023-08-13,CUST006,PROD047,화장품,336818,6,강원,계좌이체,실버
1176,2023-10-10,CUST058,PROD026,화장품,154832,2,대구,현금,VIP
1177,2023-05-01,CUST044,PROD046,도서,162999,7,대전,계좌이체,골드
1178,2023-04-26,CUST045,PROD043,스포츠,358619,3,부산,계좌이체,실버
1179,2023-08-21,CUST032,PROD012,스포츠,71367,3,대전,체크카드,일반
1180,2023-09-16,CUST045,PROD026,전자제품,239027,5,인천,체크카드,일반
1181,2023-12-25,CUST061,PROD013,전자제품,415804,3,강원,현금,골드
1182,2023-07-17,CUST047,PROD040,가구,393894,2,부산,신용카드,일반
1183,2023-05-17,CUST021,PROD018,식품,242750,9,강원,현금,VIP
1184,2023-11-14,CUST080,PROD025,의류,245806,2,광주,현금,VIP
1185,2023-06-14,CUST085,PROD033,전자제품,390298,2,경기,휴대폰,골드
1186,2023-08-13,CUST075,PROD047,화장품,193305,8,부산,휴대폰,일반
1187,2023-11-03,CUST036,PROD040,가구,54738,9,대전,현금,일반
1188,2023-08-22,CUST099,PROD043,의류,43397,7,인천,현금,골드
1189,2023-06-21,CUST019,PROD012,가구,354333,3,광주,현금,실버
1190,2023-06-01,CUST020,PROD044,의류,348511,9,경기,계좌이체,일반
1191,2023-11-11,CUST057,PROD036,의류,212332,3,서울,휴대폰,실버
1192,2023-06-09,CUST018,PROD048,도서,392729,5,광주,현금,일반
1193,2023-04-06,CUST047,PROD004,전자제품,348763,9,인천,체크카드,일반
1194,2023-08-21,CUST049,PROD005,가구,121453,3,대구,체크카드,일반
1195,2023-06-29,CUST014,PROD037,가구,29816,7,부산,계좌이체,일반
1196,2023-04-23,CUST015,PROD008,도서,445456,1,강원,계좌이체,VIP
1197,2023-11-14,CUST031,PROD042,화장품,409492,4,인천,신용카드,실버
1198,2023-02-21,CUST001,PROD049,화장품,255011,4,부산,신용카드,실버
1199,2023-09-25,CUST054,PROD028,스포츠,351674,7,강원,신용카드,일반
1200,2023-10-22,CUST003,PROD031,전자제품,426715,8,울산,계좌이체,일반
1201,2023-04-23,CUST016,PROD009,전자제품,491792,1,대전,계좌이체,실버
1202,2023-04-11,CUST087,PROD029,식품,381000,5,서울,계좌이체,VIP
1203,2023-04-23,CUST057,PROD014,도서,223567,7,광주,체크카드,골드
1204,2023-03-22,CUST075,PROD040,화장품,81635,4,인천,계좌이체,골드
1205,2023-07-06,CUST012,PROD041,의류,379947,4,서울,체크카드,실버
1206,2023-04-23,CUST074,PROD022,가구,226184,4,대구,신용카드,일반
1207,2023-01-02,CUST096,PROD011,전자제품,308090,6,부산,신용카드,일반
1208,2023-05-10,CUST016,PROD023,가구,327348,7,부산,신용카드,VIP
1209,2023-08-08,CUST072,PROD001,가구,192958,2,인천,현금,골드
1210,2023-02-23,CUST076,PROD046,식품,474868,5,경기,현금,VIP
1211,2023-12-09,CUST024,PROD037,화장품,287707,4,경기,휴대폰,골드
1212,2023-08-12,CUST028,PROD021,전자제품,102324,3,울산,휴대폰,실버
1213,2023-08-13,CUST008,PROD026,가구,233536,7,대전,휴대폰,골드
1214,2023-05-06,CUST092,PROD046,전자제품,242944,6,강원,현금,VIP
1215,2023-05-10,CUST036,PROD036,의류,281991,7,대구,현금,VIP
1216,2023-02-22,CUST090,PROD023,식품,36155,5,서울,휴대폰,VIP
1217,2023-06-21,CUST008,PROD001,의류,351815,6,경기,휴대폰,실버
1218,2023-08-06,CUST058,PROD040,전자제품,126891,5,울산,계좌이체,골드
1219,2023-06-09,CUST060,PROD015,스포츠,355454,7,울산,휴대폰,골드
1220,2023-07-17,CUST050,PROD021,전자제품,470494,2,인천,계좌이체,VIP
1221,2023-09-04,CUST028,PROD047,화장품,159381,5,대구,체크카드,골드
1222,2023-11-20,CUST092,PROD009,가구,141691,6,강원,현금,일반
1223,2023-07-22,CUST041,PROD009,가구,486410,6,대전,휴대폰,일반
1224,2023-07-03,CUST100,PROD010,의류,453324,5,광주,현금,일반
1225,2023-05-03,CUST064,PROD026,식품,44707,7,인천,현금,골드
1226,2023-09-12,CUST027,PROD041,스포츠,423553,8,강원,현금,실버
1227,2023-10-21,CUST063,PROD035,도서,353681,7,광주,체크카드,실버
1228,2023-10-07,CUST017,PROD025,가구,207576,5,광주,신용카드,실버
1229,2023-11-21,CUST073,PROD026,화장품,188686,1,대구,휴대폰,실버
1230,2023-04-08,CUST033,PROD011,의류,232500,5,대구,신용카드,일반
1231,2023-07-17,CUST084,PROD038,의류,363299,2,서울,신용카드,일반
1232,2023-08-28,CUST077,PROD002,도서,272425,5,울산,신용카드,VIP
1233,2023-05-24,CUST092,PROD007,화장품,168492,5,강원,현금,골드
1234,2023-04-07,CUST029,PROD018,식품,484112,2,인천,계좌이체,골드
1235,2023-07-20,CUST013,PROD027,화장품,180102,5,부산,현금,실버
1236,2023-05-04,CUST046,PROD034,식품,404274,4,인천,현금,일반
1237,2023-07-06,CUST035,PROD027,화장품,227285,1,서울,신용카드,실버
1238,2023-11-22,CUST006,PROD017,화장품,348404,3,대전,현금,VIP
1239,2023-12-15,CUST082,PROD043,전자제품,169476,1,울산,신용카드,골드
1240,2023-09-16,CUST069,PROD044,의류,244554,5,부산,계좌이체,골드
1241,2023-05-28,CUST047,PROD024,화장품,170928,4,경기,휴대폰,실버
1242,2023-09-09,CUST025,PROD025,도서,150272,7,대전,신용카드,VIP
1243,2023-12-12,CUST066,PROD007,화장품,336322,5,대구,계좌이체,골드
1244,2023-05-27,CUST010,PROD006,가구,306141,4,광주,휴대폰,VIP
1245,2023-05-28,CUST056,PROD024,의류,428827,2,경기,체크카드,VIP
1246,2023-12-18,CUST030,PROD033,가구,129273,4,인천,신용카드,실버
1247,2023-07-18,CUST005,PROD049,의류,182307,2,인천,신용카드,일반
1248,2023-11-04,CUST033,PROD029,가구,258500,8,대구,체크카드,실버
1249,2023-05-08,CUST065,PROD043,화장품,176129,3,서울,체크카드,일반
1250,2023-02-08,CUST018,PROD022,화장품,142311,9,강원,신용카드,VIP
1251,2023-12-04,CUST096,PROD026,전자제품,244746,4,경기,체크카드,일반
1252,2023-12-26,CUST049,PROD028,도서,255546,6,경기,현금,VIP
1253,2023-05-09,CUST011,PROD050,가구,206733,5,대전,휴대폰,골드
1254,2023-09-24,CUST085,PROD021,식품,136945,1,울산,휴대폰,골드
1255,2023-05-31,CUST026,PROD049,전자제품,55272,9,대전,휴대폰,골드
1256,2023-10-25,CUST063,PROD007,가구,361537,1,강원,현금,실버
1257,2023-04-09,CUST089,PROD017,가구,333356,8,인천,체크카드,실버
1258,2023-09-20,CUST086,PROD020,전자제품,156470,9,인천,계좌이체,VIP
1259,2023-09-09,CUST059,PROD041,화장품,130030,9,인천,체크카드,골드
1260,2023-05-24,CUST027,PROD049,가구,328647,1,인천,신용카드,실버
1261,2023-12-12,CUST049,PROD020,화장품,409854,2,강원,휴대폰,골드
1262,2023-04-22,CUST077,PROD022,전자제품,16570,1,대구,체크카드,실버
1263,2023-03-01,CUST033,PROD028,화장품,340929,2,울산,계좌이체,일반
1264,2023-01-02,CUST098,PROD040,의류,19110,8,강원,신용카드,일반
1265,2023-10-31,CUST099,PROD049,식품,89141,5,울산,현금,골드
1266,2023-09-11,CUST001,PROD007,스포츠,22115,7,강원,현금,VIP
1267,2023-05-20,CUST021,PROD001,가구,49062,2,인천,계좌이체,실버
1268,2023-02-06,CUST055,PROD032,도서,295055,8,대구,신용카드,실버
1269,2023-06-09,CUST006,PROD013,식품,114061,6,경기,휴대폰,일반
1270,2023-01-09,CUST092,PROD030,스포츠,304700,8,대전,체크카드,일반
1271,2023-08-21,CUST081,PROD023,화장품,481347,1,광주,신용카드,VIP
1272,2023-04-09,CUST069,PROD019,가구,400479,1,대구,현금,VIP
1273,2023-05-27,CUST095,PROD032,화장품,11969,7,경기,계좌이체,VIP
1274,2023-10-31,CUST005,PROD030,의류,315897,8,서울,계좌이체,골드
1275,2023-07-27,CUST003,PROD029,전자제품,486027,3,강원,체크카드,일반
1276,2023-05-11,CUST053,PROD049,가구,407686,5,서울,계좌이체,골드
1277,2023-06-01,CUST023,PROD045,스포츠,131863,1,경기,계좌이체,일반
1278,2023-02-23,CUST053,PROD029,스포츠,282369,7,대구,신용카드,일반
1279,2023-04-30,CUST037,PROD030,의류,133008,5,강원,휴대폰,실버
1280,2023-06-10,CUST074,PROD016,의류,164268,8,광주,체크카드,일반
1281,2023-04-26,CUST074,PROD040,가구,115823,8,인천,신용카드,일반
1282,2023-03-16,CUST083,PROD019,화장품,285813,9,강원,휴대폰,골드
1283,2023-04-23,CUST017,PROD018,도서,440596,7,강원,신용카드,일반
1284,2023-04-14,CUST085,PROD001,스포츠,396542,1,대구,신용카드,골드
1285,2023-12-06,CUST078,PROD014,스포츠,120677,3,대구,계좌이체,VIP
1286,2023-09-11,CUST073,PROD047,의류,256958,8,경기,휴대폰,일반
1287,2023-08-15,CUST001,PROD050,식품,58320,3,부산,체크카드,일반
1288,2023-04-22,CUST051,PROD002,의류,450630,8,강원,체크카드,골드
1289,2023-04-09,CUST045,PROD028,도서,156649,1,대전,휴대폰,VIP
1290,2023-06-02,CUST077,PROD049,화장품,135354,5,강원,계좌이체,실버
1291,2023-12-15,CUST004,PROD050,화장품,98009,4,경기,현금,VIP
1292,2023-12-04,CUST062,PROD030,식품,267437,5,울산,신용카드,골드
1293,2023-07-13,CUST065,PROD038,스포츠,458625,8,서울,계좌이체,VIP
1294,2023-11-06,CUST032,PROD004,의류,38625,4,인천,휴대폰,골드
1295,2023-06-12,CUST034,PROD001,화장품,222112,4,부산,신용카드,골드
1296,2023-07-27,CUST092,PROD008,도서,296233,3,광주,체크카드,실버
1297,2023-06-18,CUST095,PROD029,가구,46487,7,광주,현금,일반
1298,2023-06-10,CUST072,PROD039,전자제품,469054,3,광주,체크카드,골드
1299,2023-03-09,CUST039,PROD003,전자제품,238071,3,대구,휴대폰,골드
1300,2023-10-16,CUST026,PROD032,전자제품,382592,5,광주,신용카드,실버
1301,2023-10-04,CUST034,PROD010,스포츠,498011,5,인천,휴대폰,골드
1302,2023-10-31,CUST054,PROD010,의류,322282,6,서울,신용카드,일반
1303,2023-05-15,CUST003,PROD019,식품,183895,8,광주,계좌이체,실버
1304,2023-07-14,CUST050,PROD046,화장품,440424,6,강원,현금,일반
1305,2023-05-08,CUST012,PROD034,가구,326205,1,강원,계좌이체,일반
1306,2023-02-02,CUST065,PROD033,도서,433875,8,대구,계좌이체,실버
1307,2023-06-25,CUST054,PROD023,가구,111376,8,인천,휴대폰,골드
1308,2023-01-22,CUST005,PROD028,도서,435106,9,서울,현금,일반
1309,2023-08-26,CUST094,PROD032,스포츠,351278,9,부산,신용카드,일반
1310,2023-06-07,CUST094,PROD050,의류,319199,2,경기,신용카드,일반
1311,2023-02-07,CUST057,PROD007,전자제품,253341,2,서울,체크카드,일반
1312,2023-08-18,CUST017,PROD029,의류,291652,3,경기,신용카드,실버
1313,2023-12-31,CUST047,PROD008,스포츠,445503,1,울산,휴대폰,실버
1314,2023-02-20,CUST023,PROD001,식품,482132,4,경기,계좌이체,VIP
1315,2023-09-21,CUST079,PROD003,식품,168056,4,대전,계좌이체,VIP
1316,2023-10-10,CUST085,PROD024,스포츠,120169,9,강원,계좌이체,일반
1317,2023-01-27,CUST014,PROD023,도서,280269,9,인천,현금,골드
1318,2023-08-14,CUST066,PROD008,화장품,46059,9,대구,신용카드,일반
1319,2023-10-04,CUST075,PROD047,화장품,472785,7,대전,휴대폰,골드
1320,2023-10-13,CUST051,PROD037,도서,113409,2,경기,현금,일반
1321,2023-04-07,CUST038,PROD003,식품,420303,5,광주,체크카드,VIP
1322,2023-10-11,CUST064,PROD033,식품,15704,4,인천,휴대폰,VIP
1323,2023-11-13,CUST098,PROD028,식품,463792,8,대전,휴대폰,골드
1324,2023-10-31,CUST038,PROD047,의류,214456,2,대구,휴대폰,일반
1325,2023-05-27,CUST050,PROD008,식품,228200,6,강원,계좌이체,골드
1326,2023-01-04,CUST098,PROD034,가구,121279,5,인천,휴대폰,VIP
1327,2023-02-04,CUST082,PROD035,전자제품,475676,2,대구,신용카드,일반
1328,2023-07-11,CUST030,PROD032,식품,168280,1,울산,휴대폰,일반
1329,2023-02-18,CUST079,PROD024,도서,128516,8,울산,계좌이체,골드
1330,2023-01-17,CUST091,PROD014,전자제품,488366,2,대구,휴대폰,실버
1331,2023-06-21,CUST051,PROD032,의류,207096,7,대전,체크카드,골드
1332,2023-08-08,CUST063,PROD046,도서,443098,9,인천,체크카드,VIP
1333,2023-06-07,CUST098,PROD043,전자제품,429139,9,대전,계좌이체,VIP
1334,2023-02-15,CUST052,PROD016,도서,386188,8,부산,신용카드,VIP
1335,2023-01-06,CUST038,PROD004,의류,242549,9,경기,신용카드,VIP
1336,2023-04-09,CUST097,PROD037,가구,39165,2,부산,현금,VIP
1337,2023-08-21,CUST088,PROD021,의류,77203,6,울산,계좌이체,실버
1338,2023-02-06,CUST079,PROD014,의류,494965,4,강원,휴대폰,일반
1339,2023-10-07,CUST030,PROD031,도서,276258,4,서울,계좌이체,골드
1340,2023-12-15,CUST051,PROD048,스포츠,468181,5,경기,현금,골드
1341,2023-10-29,CUST081,PROD018,화장품,46321,3,울산,계좌이체,VIP
1342,2023-06-30,CUST005,PROD007,식품,345441,1,대전,계좌이체,골드
1343,2023-04-05,CUST029,PROD010,식품,368796,8,대전,현금,VIP
1344,2023-04-09,CUST004,PROD007,가구,371448,5,대전,신용카드,실버
1345,2023-07-07,CUST010,PROD033,가구,255014,3,강원,휴대폰,실버
1346,2023-04-26,CUST056,PROD023,식품,166498,7,부산,현금,일반
1347,2023-07-10,CUST017,PROD021,화장품,27772,7,서울,체크카드,실버
1348,2023-09-10,CUST074,PROD019,식품,375898,1,대전,신용카드,실버
1349,2023-06-10,CUST017,PROD048,스포츠,275856,9,경기,체크카드,일반
1350,2023-09-13,CUST084,PROD019,화장품,404583,2,인천,신용카드,골드
1351,2023-11-19,CUST088,PROD036,가구,248389,5,서울,휴대폰,VIP
1352,2023-05-08,CUST069,PROD029,전자제품,125142,5,강원,휴대폰,VIP
1353,2023-01-18,CUST034,PROD018,도서,101736,8,서울,계좌이체,골드
1354,2023-10-08,CUST006,PROD002,스포츠,61924,8,인천,체크카드,일반
1355,2023-08-11,CUST053,PROD001,스포츠,13726,7,경기,신용카드,골드
1356,2023-02-23,CUST066,PROD047,가구,361296,7,인천,휴대폰,실버
1357,2023-02-27,CUST077,PROD005,가구,37723,6,대구,현금,일반
1358,2023-11-19,CUST043,PROD020,의류,399113,6,경기,휴대폰,일반
1359,2023-12-26,CUST075,PROD011,스포츠,244182,9,서울,현금,일반
1360,2023-06-23,CUST023,PROD042,의류,372638,6,대전,신용카드,VIP
1361,2023-10-07,CUST055,PROD002,의류,150180,2,서울,휴대폰,골드
1362,2023-04-24,CUST080,PROD003,도서,218786,2,서울,휴대폰,일반
1363,2023-10-15,CUST095,PROD023,의류,45643,5,경기,신용카드,일반
1364,2023-12-08,CUST075,PROD012,화장품,172396,4,대구,휴대폰,일반
1365,2023-05-31,CUST016,PROD020,식품,376040,2,서울,현금,골드
1366,2023-05-07,CUST008,PROD005,전자제품,224432,3,울산,휴대폰,VIP
1367,2023-06-04,CUST004,PROD037,가구,149999,7,광주,체크카드,실버
1368,2023-09-30,CUST004,PROD038,화장품,365824,8,광주,계좌이체,VIP
1369,2023-04-14,CUST056,PROD030,전자제품,368690,6,서울,현금,일반
1370,2023-10-26,CUST025,PROD009,스포츠,425659,5,대전,체크카드,VIP
1371,2023-09-03,CUST067,PROD034,스포츠,89973,1,강원,신용카드,VIP
1372,2023-06-25,CUST096,PROD044,스포츠,335593,8,강원,현금,실버
1373,2023-02-08,CUST067,PROD035,화장품,119834,3,경기,계좌이체,골드
1374,2023-06-19,CUST027,PROD022,화장품,246386,6,광주,계좌이체,골드
1375,2023-09-04,CUST093,PROD044,가구,479959,3,서울,신용카드,VIP
1376,2023-01-26,CUST032,PROD024,식품,463449,7,강원,신용카드,VIP
1377,2023-12-21,CUST050,PROD017,의류,297681,7,서울,현금,골드
1378,2023-11-02,CUST061,PROD010,스포츠,349720,9,경기,휴대폰,골드
1379,2023-01-13,CUST051,PROD030,도서,117522,5,광주,신용카드,실버
1380,2023-11-12,CUST019,PROD046,식품,32612,8,인천,휴대폰,일반
1381,2023-11-09,CUST021,PROD023,도서,235049,8,울산,체크카드,VIP
1382,2023-02-05,CUST005,PROD032,가구,278615,1,울산,계좌이체,골드
1383,2023-06-22,CUST082,PROD017,가구,176703,5,강원,휴대폰,VIP
1384,2023-01-20,CUST092,PROD050,가구,250069,3,울산,계좌이체,VIP
1385,2023-11-17,CUST042,PROD017,전자제품,233131,1,인천,휴대폰,골드
1386,2023-09-21,CUST061,PROD014,도서,41348,4,서울,체크카드,실버
1387,2023-05-22,CUST022,PROD009,식품,205804,8,경기,신용카드,VIP
1388,2023-05-23,CUST021,PROD040,식품,273321,3,인천,체크카드,실버
1389,2023-04-02,CUST070,PROD002,화장품,145832,2,경기,신용카드,골드
1390,2023-12-20,CUST001,PROD045,화장품,304923,9,경기,신용카드,일반
1391,2023-11-18,CUST005,PROD025,스포츠,293780,5,광주,계좌이체,일반
1392,2023-10-15,CUST012,PROD039,화장품,91889,7,서울,체크카드,VIP
1393,2023-08-03,CUST090,PROD009,가구,63551,2,울산,휴대폰,골드
1394,2023-12-08,CUST046,PROD022,식품,414772,9,광주,체크카드,실버
1395,2023-02-20,CUST034,PROD043,도서,430814,9,경기,계좌이체,VIP
1396,2023-06-02,CUST049,PROD046,가구,152635,4,강원,신용카드,골드
1397,2023-07-05,CUST078,PROD004,전자제품,56819,4,울산,계좌이체,골드
1398,2023-03-04,CUST090,PROD026,화장품,345914,6,울산,현금,실버
1399,2023-07-09,CUST045,PROD029,가구,494271,6,서울,현금,VIP
1400,2023-05-05,CUST027,PROD045,가구,430182,1,대구,휴대폰,골드
1401,2023-05-30,CUST073,PROD034,전자제품,222781,9,부산,계좌이체,골드
1402,2023-11-10,CUST026,PROD023,의류,463105,2,부산,휴대폰,골드
1403,2023-02-27,CUST047,PROD037,식품,168059,5,부산,휴대폰,실버
1404,2023-12-08,CUST086,PROD011,도서,350858,9,대구,현금,VIP
1405,2023-11-01,CUST056,PROD006,스포츠,199420,4,서울,휴대폰,VIP
1406,2023-06-29,CUST094,PROD018,의류,34596,3,대구,현금,VIP
1407,2023-06-19,CUST063,PROD021,화장품,436390,7,부산,신용카드,VIP
1408,2023-11-22,CUST048,PROD042,가구,336250,6,광주,계좌이체,일반
1409,2023-09-28,CUST061,PROD036,전자제품,473183,8,인천,휴대폰,일반
1410,2023-02-23,CUST081,PROD041,전자제품,69182,3,경기,현금,VIP
1411,2023-04-11,CUST026,PROD038,식품,496516,5,대구,체크카드,실버
1412,2023-09-21,CUST036,PROD034,의류,359307,4,서울,휴대폰,일반
1413,2023-02-22,CUST001,PROD017,스포츠,311454,4,서울,신용카드,골드
1414,2023-03-01,CUST008,PROD037,식품,328232,4,인천,신용카드,일반
1415,2023-04-18,CUST099,PROD025,가구,138803,8,강원,체크카드,골드
1416,2023-01-05,CUST052,PROD038,식품,149978,6,울산,현금,VIP
1417,2023-04-13,CUST079,PROD012,도서,309058,3,부산,휴대폰,일반
1418,2023-07-15,CUST047,PROD023,전자제품,382494,5,강원,현금,실버
1419,2023-09-19,CUST056,PROD042,전자제품,55379,6,부산,신용카드,일반
1420,2023-12-31,CUST086,PROD022,화장품,481828,5,인천,현금,일반
1421,2023-12-16,CUST014,PROD021,화장품,255900,6,부산,신용카드,일반
1422,2023-02-16,CUST090,PROD027,스포츠,268517,8,인천,현금,VIP
1423,2023-12-21,CUST028,PROD031,가구,440866,7,대전,체크카드,실버
1424,2023-11-07,CUST087,PROD006,도서,450097,5,강원,계좌이체,일반
1425,2023-11-04,CUST078,PROD027,의류,318557,6,강원,체크카드,실버
1426,2023-05-24,CUST088,PROD040,식품,147084,4,울산,체크카드,VIP
1427,2023-09-26,CUST002,PROD034,스포츠,191187,9,인천,계좌이체,골드
1428,2023-05-04,CUST026,PROD012,가구,279295,4,대구,계좌이체,일반
1429,2023-04-16,CUST014,PROD045,화장품,67716,1,대전,휴대폰,실버
1430,2023-06-07,CUST059,PROD007,식품,365891,7,광주,휴대폰,실버
1431,2023-05-27,CUST056,PROD010,화장품,233725,7,부산,체크카드,VIP
1432,2023-05-25,CUST007,PROD045,식품,177450,4,대전,체크카드,일반
1433,2023-04-30,CUST003,PROD017,의류,183724,3,인천,신용카드,골드
1434,2023-11-15,CUST023,PROD026,가구,213502,8,경기,신용카드,실버
1435,2023-10-02,CUST018,PROD021,식품,154539,5,부산,휴대폰,일반
1436,2023-04-02,CUST038,PROD028,도서,434226,7,서울,휴대폰,골드
1437,2023-02-27,CUST099,PROD046,스포츠,131999,4,강원,신용카드,실버
1438,2023-12-12,CUST015,PROD002,전자제품,124793,4,인천,신용카드,실버
1439,2023-08-17,CUST064,PROD043,도서,457907,8,서울,현금,골드
1440,2023-04-27,CUST089,PROD001,도서,467373,8,울산,현금,골드
1441,2023-11-14,CUST028,PROD036,스포츠,380321,2,광주,신용카드,VIP
1442,2023-10-06,CUST074,PROD026,전자제품,22289,2,광주,현금,일반
1443,2023-05-07,CUST039,PROD029,도서,186048,3,서울,계좌이체,일반
1444,2023-05-09,CUST057,PROD021,식품,184668,3,강원,휴대폰,VIP
1445,2023-02-27,CUST017,PROD011,식품,426387,1,울산,휴대폰,실버
1446,2023-05-02,CUST086,PROD040,식품,241513,3,경기,신용카드,골드
1447,2023-01-01,CUST090,PROD011,전자제품,267368,6,강원,체크카드,골드
1448,2023-08-27,CUST044,PROD036,도서,96365,8,대전,신용카드,골드
1449,2023-10-17,CUST025,PROD049,전자제품,240662,6,광주,현금,실버
1450,2023-04-06,CUST017,PROD039,식품,386158,5,대전,체크카드,골드
1451,2023-05-06,CUST013,PROD040,스포츠,185211,4,부산,현금,골드
1452,2023-04-28,CUST084,PROD035,도서,189785,3,대구,계좌이체,VIP
1453,2023-02-17,CUST025,PROD034,도서,432950,4,인천,현금,실버
1454,2023-03-30,CUST068,PROD047,화장품,82588,7,울산,계좌이체,일반
1455,2023-08-25,CUST010,PROD024,화장품,73646,1,강원,계좌이체,VIP
1456,2023-09-29,CUST067,PROD022,의류,275798,7,광주,현금,VIP
1457,2023-07-08,CUST018,PROD005,가구,492238,1,대전,현금,일반
1458,2023-07-11,CUST100,PROD033,화장품,290887,2,부산,계좌이체,VIP
1459,2023-03-10,CUST086,PROD036,전자제품,320512,4,인천,체크카드,실버
1460,2023-10-05,CUST034,PROD047,화장품,231097,1,인천,계좌이체,골드
1461,2023-12-15,CUST008,PROD020,의류,215244,9,강원,휴대폰,실버
1462,2023-09-04,CUST040,PROD019,도서,409657,6,울산,계좌이체,일반
1463,2023-03-17,CUST083,PROD035,의류,129735,1,경기,체크카드,일반
1464,2023-06-03,CUST042,PROD043,도서,165683,1,강원,휴대폰,VIP
1465,2023-05-24,CUST041,PROD017,스포츠,392035,6,대전,신용카드,실버
1466,2023-03-27,CUST006,PROD045,스포츠,117971,4,대구,신용카드,실버
1467,2023-07-04,CUST052,PROD043,도서,22149,4,서울,체크카드,일반
1468,2023-10-12,CUST026,PROD034,가구,372246,6,경기,계좌이체,실버
1469,2023-08-08,CUST064,PROD009,화장품,331333,7,울산,현금,일반
1470,2023-03-10,CUST098,PROD026,전자제품,248976,9,부산,체크카드,실버
1471,2023-02-16,CUST059,PROD002,전자제품,424891,5,경기,휴대폰,실버
1472,2023-04-04,CUST056,PROD009,식품,343175,9,광주,휴대폰,실버
1473,2023-08-26,CUST059,PROD009,도서,52668,4,울산,신용카드,일반
1474,2023-07-23,CUST070,PROD040,전자제품,416889,2,대구,휴대폰,VIP
1475,2023-08-06,CUST033,PROD017,가구,479882,3,광주,체크카드,실버
1476,2023-12-07,CUST053,PROD001,도서,98204,1,경기,휴대폰,일반
1477,2023-02-08,CUST022,PROD025,가구,221830,6,서울,체크카드,일반
1478,2023-04-10,CUST021,PROD043,전자제품,206501,6,서울,현금,실버
1479,2023-10-16,CUST070,PROD040,전자제품,426885,1,대구,신용카드,실버
1480,2023-09-11,CUST070,PROD042,식품,175140,3,인천,휴대폰,VIP
1481,2023-08-10,CUST004,PROD025,전자제품,229861,5,부산,체크카드,일반
1482,2023-12-23,CUST094,PROD039,도서,150507,3,인천,계좌이체,일반
1483,2023-01-23,CUST075,PROD035,스포츠,235160,3,서울,신용카드,골드
1484,2023-09-07,CUST062,PROD003,도서,193321,3,서울,현금,일반
1485,2023-01-10,CUST062,PROD050,도서,47384,5,대전,체크카드,VIP
1486,2023-09-03,CUST094,PROD037,식품,91929,5,광주,현금,골드
1487,2023-11-21,CUST095,PROD044,식품,400103,4,경기,현금,골드
1488,2023-04-10,CUST024,PROD044,전자제품,86153,1,부산,휴대폰,골드
1489,2023-10-17,CUST055,PROD030,의류,245128,5,대구,휴대폰,실버
1490,2023-06-29,CUST009,PROD038,의류,85388,5,경기,체크카드,실버
1491,2023-08-11,CUST003,PROD034,식품,41401,4,대전,계좌이체,일반
1492,2023-09-07,CUST031,PROD012,전자제품,212903,6,서울,체크카드,골드
1493,2023-05-27,CUST040,PROD019,의류,129503,4,대구,계좌이체,VIP
1494,2023-04-06,CUST036,PROD037,전자제품,242601,7,서울,현금,실버
1495,2023-09-14,CUST024,PROD044,전자제품,137834,7,부산,신용카드,VIP
1496,2023-11-21,CUST095,PROD049,전자제품,44084,2,광주,체크카드,VIP
1497,2023-01-04,CUST006,PROD017,화장품,261459,3,경기,체크카드,실버
1498,2023-01-16,CUST066,PROD010,도서,120641,1,경기,계좌이체,실버
1499,2023-10-07,CUST084,PROD049,전자제품,115111,8,인천,현금,실버
1500,2023-12-02,CUST092,PROD047,화장품,459042,9,대구,현금,실버
